S1,C2,S3,S4
CTIF,RNF38,CTIF,RNF38
RNA5SP456,DCAF12,RNA5SP456,DCAF12
MIR4743,RN7SKP114,MIR4743,RN7SKP114
SMAD7,UBAP2,SMAD7,UBAP2
DYM,LAMA3,DYM,LAMA3
MIR4744,ANKRD29,MIR4744,ANKRD29
C18orf32,C18orf8,C18orf32,C18orf8
MIR1539,NPC1,MIR1539,NPC1
RPL17,NOTCH2,RPL17,NOTCH2
SNORD58C,CABLES1,SNORD58C,CABLES1
SNORD58A,TMEM241,SNORD58A,TMEM241
SNORD58B,snoU13,SNORD58B,snoU13
LIPG,,LIPG,CTAGE1
ACAA2,RN7SL745P,ACAA2,RN7SL745P
SCARNA17,MIR4741,SCARNA17,MIR4741
SCARNA17,RBBP8,SCARNA17,RBBP8
SCARNA18,SNORA73,SCARNA18,SNORA73
RNA5SP457,RNA5SP451,RNA5SP457,RNA5SP451
HAUS1,snoU13,HAUS1,snoU13
ATP5A1,GATA6,ATP5A1,GATA6
C18orf25,RNU6ATAC20P,C18orf25,RNU6ATAC20P
RNF165,GREB1L,RNF165,GREB1L
LOXHD1,SNORD23,LOXHD1,SNORD23
ST8SIA5,MIB1,ST8SIA5,MIB1
PIAS2,RN7SL233P,PIAS2,RN7SL233P
KATNAL2,SNRPD1,KATNAL2,SNRPD1
TCEB3B,ESCO1,TCEB3B,ESCO1
TCEB3CL2,SNORA81,TCEB3CL2,SNORA81
TCEB3CL,MIR320C1,TCEB3CL,MIR320C1
TCEB3C,ABHD3,TCEB3C,ABHD3
HDHD2,CYP11B2,HDHD2,CYP11B2
IER3IP1,CYP11B1,IER3IP1,CYP11B1
SKOR2,GML,SKOR2,GML
SMAD2,FAM91A1,SMAD2,FAM91A1
MIR4527,ANXA13,MIR4527,ANXA13
ZBTB7C,KLHL38,ZBTB7C,KLHL38
SETBP1,MIR4663,SETBP1,MIR4663
RNA5SP455,U3,RNA5SP455,U3
MIR4319,FAM83A,MIR4319,FAM83A
SLC14A2,TBC1D31,SLC14A2,TBC1D31
SLC14A1,MIR30D,SLC14A1,MIR30D
SIGLEC15,MIR30B,SIGLEC15,MIR30B
EPG5,KHDRBS3,EPG5,KHDRBS3
PSTPIP2,ZFAT,PSTPIP2,ZFAT
RN7SKP26,SNORA40,RN7SKP26,SNORA40
CCDC11,NDRG1,CCDC11,NDRG1
RN7SL310P,ST3GAL1,RN7SL310P,ST3GAL1
MBD1,WISP1,MBD1,WISP1
CXXC1,SLA,CXXC1,SLA
SKA1,TG,SKA1,TG
RNA5SP458,EFR3A,RNA5SP458,EFR3A
MYO5B,KCNQ3,MYO5B,KCNQ3
LINC00907,PHF20L1,LINC00907,PHF20L1
PIK3C3,TMEM71,PIK3C3,TMEM71
RNA5SP454,LRRC6,RNA5SP454,LRRC6
SYT4,HPYR1,SYT4,HPYR1
RIT2,HHLA1,RIT2,HHLA1
snoU13,OC90,snoU13,OC90
DCC,CASC8,DCC,CASC8
TMX3,CCAT1,TMX3,CCAT1
CCDC102B,POU5F1B,CCDC102B,POU5F1B
RN7SL695P,MYC,RN7SL695P,MYC
MEX3C,NSMCE2,MEX3C,NSMCE2
ELAC1,KIAA0196,ELAC1,KIAA0196
ME2,SQLE,ME2,SQLE
SMAD4,RN7SL590P,SMAD4,RN7SL590P
MRO,TRIB1,MRO,TRIB1
MAPK4,RN7SL329P,MAPK4,RN7SL329P
RN7SL342P,ZNF572,RN7SL342P,ZNF572
U8,LINC00964,U8,LINC00964
RN7SL112P,MIR4662B,RN7SL112P,MIR4662B
RN7SL795P,MTSS1,RN7SL795P,MTSS1
SOCS6,NDUFB9,SOCS6,NDUFB9
GTSCR1,TATDN1,GTSCR1,TATDN1
CBLN2,RNF139,CBLN2,RNF139
MIR548AV,TRMT12,MIR548AV,TRMT12
NETO1,ADCY8,NETO1,ADCY8
RNA5SP460,SNORA72,RNA5SP460,SNORA72
RN7SL401P,SNORA12,RN7SL401P,SNORA12
TIMM21,ASAP1,TIMM21,ASAP1
FBXO15,MIR5194,FBXO15,MIR5194
RN7SL551P,SNORA25,RN7SL551P,SNORA25
ADNP2,FAM49B,ADNP2,FAM49B
ATP9B,TMEM65,ATP9B,TMEM65
CTDP1,FER1L6,CTDP1,FER1L6
HSBP1L1,PVT1,HSBP1L1,PVT1
KCNG2,FAM84B,KCNG2,FAM84B
NFATC1,PCAT2,NFATC1,PCAT2
PARD6G,PCAT1,PARD6G,PCAT1
PQLC1,RN7SKP226,PQLC1,RN7SKP226
RBFADN,MIR1208,RBFADN,MIR1208
RBFA,MIR1207,RBFA,MIR1207
TXNL4A,MIR1205,TXNL4A,MIR1205
SALL3,TMEM75,SALL3,TMEM75
MAPRE2,LINC00861,MAPRE2,LINC00861
DTNA,MIR3686,DTNA,MIR3686
ZNF397,CCDC26,ZNF397,CCDC26
ZSCAN30,RN7SKP206,ZSCAN30,RN7SKP206
ZNF271,LINC00977,ZNF271,LINC00977
ZNF24,GSDMC,ZNF24,GSDMC
ZNF396,CRAMP1L,ZNF396,C1orf114
GALNT1,RPS15,GALNT1,HOXD13
INO80C,SYNGAP1,INO80C,BMP7
MIR187,SLC22A23,MIR187,DNAJC6
MIR3929,RPL22L1,MIR3929,HMX3
ASXL3,DIP2C,ASXL3,ZNF141
CCDC178,PRDM16,CCDC178,SLC35F3
NOL4,OR8D1,NOL4,C10orf41
KLHL14,A2LD1,KLHL14,GSG1L
WBP11P1,CCND1,WBP11P1,CRMP1
MIR4318,MIR23B,MIR4318,WNT3A
CELF4,CLDN18,CELF4,B4GALNT2
KIAA1328,GATA4,KIAA1328,NINJ2
MOCOS,ZHX2,MOCOS,B4GALNT2
ELP2,MAPK8IP3,ELP2,SYCE1L
RPRD1A,LRP5,RPRD1A,TSPAN2
C18orf21,ASRGL1,C18orf21,DYDC2
SLC39A6,MRPS5,SLC39A6,TMEM121
TPGS2,TSC2,TPGS2,ZNF665
SNORD112,ADAP1,SNORD112,IGFBP7
FHOD3,TMEM175,FHOD3,CYP24A1
RN7SKP182,IGFALS,RN7SKP182,SNCA
LINC00669,CLIC1,LINC00669,GPR98
DSG3,ABCB6,DSG3,OBSL1
DSG4,ITGB7,DSG4,NTNG1
DSG1,C14orf153,DSG1,REM1
DSC1,KCTD1,DSC1,ADM2
DSC3,CANT1,DSC3,RTN2
snoU13,SLC7A1,snoU13,ACCN1
DSC2,KIAA1199,DSC2,FAM38B
TRAPPC8,ADAP1,TRAPPC8,ZNF470
SLC25A52,RERE,SLC25A52,SYT1
LRRC37A7P,TBC1D16,LRRC37A7P,CUX2
RN7SKP44,INPP5A,RN7SKP44,C8orf42
B4GALT6,MAPK8IP3,B4GALT6,GLB1L3
TTR,TLN2,TTR,GDF1
DSG2,TNK2,DSG2,IGFBP7
RNF125,KCNJ6,RNF125,GSG1L
snoU13,BCAR1,snoU13,EFCAB4B
RNF138,PLCG2,RNF138,HMX3
GAREM,LRP5,GAREM,STMN3
MEP1B,DQX1,MEP1B,COL4A1
RNA5SP453,TST,RNA5SP453,LOC149134
RN7SL97P,BIN1,RN7SL97P,PCDH21
ZNF521,LEFTY1,ZNF521,NFYA
CDH2,C14orf28,CDH2,FAM38B
SS18,RNGTT,SS18,COL18A1
TAF4B,RAB40C,TAF4B,CCND2
PSMA8,CDH17,PSMA8,HMX3
CHST9,SLC6A9,CHST9,GRASP
U3,PLCB3,U3,GDF10
AQP4,TPCN1,AQP4,ZNF71
KCTD1,ACSF3,KCTD1,FAM189A1
U3,PRDM16,U3,TEPP
IFNA6,SDK1,IFNA6,NID2
KLHL9,ZBTB38,KLHL9,RUNDC3B
IFNA13,CYP4V2,IFNA13,RALYL
IFNA2,ARL6IP1,IFNA2,LHX1
IFNA8,DQX1,IFNA8,CTNND2
IFNA1,MYLK4,IFNA1,TFAP2C
IFNE,ZFPM1,IFNE,DST
MIR31HG,MAEA,MIR31HG,CBFA2T3
MIR31,PDGFA,MIR31,PTGDR
SNORD39,FAM3D,SNORD39,ACTA1
RN7SL151P,LHPP,RN7SL151P,SYN3
IFNA10,NTSR1,IFNA10,LHX1
IFNA17,TBC1D16,IFNA17,GLB1L3
IFNA16,MIR24-1,IFNA16,RET
IFNA7,NEIL1,IFNA7,FLRT2
IFNA5,LOC723809,IFNA5,T
IFNA14,GNA12,IFNA14,EDNRB
IFNA4,WNK2,IFNA4,GSG1L
CDKN2A,C1orf127,CDKN2A,ZNF385B
C9orf53,CPN1,C9orf53,GNAO1
CDKN2B,DYNC2H1,CDKN2B,SFTA3
MTAP,PFKP,MTAP,FBN2
DMRTA1,IFT140,DMRTA1,SLIT3
RMRPP5,FBXL8,RMRPP5,NTNG1
RN7SKP120,LRP5,RN7SKP120,CTNND2
IZUMO3,CASZ1,IZUMO3,CPLX2
TUSC1,CCND1,TUSC1,SLC43A3
ELAVL2,GYG1,ELAVL2,HAND2
IFNA21,PLEKHM3,IFNA21,MARK1
IFNW1,RPS15AP10,IFNW1,NOVA1
FOCAD,GFPT2,FOCAD,NXPH3
MIR491,PROZ,MIR491,EDIL3
IFNB1,ZCCHC24,IFNB1,PLXNA4
PTPLAD2,MAEA,PTPLAD2,KCNQ2
SNORA30,ZNF148,SNORA30,ZNF671
MIR4474,LRP2BP,MIR4474,CPAMD8
MIR4473,LMTK2,MIR4473,SGCE
MLLT3,DCAF4,MLLT3,ELOVL4
RN7SL157P,C17orf73,RN7SL157P,STK32B
TTC39B,GRK5,TTC39B,ADAMTS3
FREM1,IFT140,FREM1,OPRD1
CER1,FAM135A,CER1,GATA5
NFIB,ZCCHC14,NFIB,GLRB
ZDHHC21,SLC3A1,ZDHHC21,HERC5
LINC00583,RPH3AL,LINC00583,ST8SIA2
RN7SL849P,STK24,RN7SL849P,DOCK2
TYRP1,TMEM11,TYRP1,FOXI3
LURAP1L,UNC93B1,LURAP1L,KIF17
MPDZ,C19orf26,MPDZ,GJC1
KIAA0020,C11orf54,KIAA0020,SOX5
KCNV2,MYH15,KCNV2,HOXB13
RN7SL5P,PALM,RN7SL5P,NGF
PTPRD,WWP2,PTPRD,SH3GL3
PSIP1,TCF7L2,PSIP1,ZNF470
SNAPC3,SSU72,SNAPC3,ZNF880
RN7SL98P,PARD3,RN7SL98P,PIK3R5
CCDC171,SLC9A4,CCDC171,ZNF788
KDM4C,IGSF11,KDM4C,ISM1
SNORD27,FHL2,SNORD27,NTNG1
C9orf123,DAK,C9orf123,SYCE1L
snoU13,ANKS3,snoU13,CD81
UHRF2,GATA4,UHRF2,MSC
TPD52L3,TBC1D14,TPD52L3,TBX21
RN7SL25P,PPP4R2,RN7SL25P,C1orf61
RN7SL123P,LOC285768,RN7SL123P,MACROD1
GLDC,UNKL,GLDC,LHX1
C9orf38,C1orf21,C9orf38,SPEG
IL33,RAB40C,IL33,RGS20
snoU13,IPP,snoU13,TMEM63C
DENND4C,GFPT2,DENND4C,LHX1
RPS6,GAK,RPS6,MFAP3L
SLC24A2,MYADML,SLC24A2,GSG1L
ACER2,RAB40C,ACER2,MPPED2
RN7SL720P,TUFT1,RN7SL720P,HOXC9
BNC2,SGTA,BNC2,JAKMIP1
C9orf92,KIF16B,C9orf92,CEBPE
RN7SKP258,RPS6KA2,RN7SKP258,RPTOR
MIR3152,WDR8,MIR3152,MYH10
SH3GL2,PYGB,SH3GL2,GLRB
CNTLN,CA5A,CNTLN,TSHZ3
RRAGA,NOSIP,RRAGA,FOXE1
FAM154A,MAGI1,FAM154A,SLCO4C1
HAUS6,CSNK1G2,HAUS6,GAD1
SCARNA8,RBM25,SCARNA8,EPHA6
RN7SL158P,FAM53B,RN7SL158P,CUGBP2
PLIN2,SEPX1,PLIN2,ZNF141
ADAMTSL1,ERI3,ADAMTSL1,GJA3
RN7SL100P,BSN,RN7SL100P,OBSL1
CAAP1,MUC6,CAAP1,IGFBP7
PLAA,ZDHHC7,PLAA,SH3GL3
IFT74,MOSC1,IFT74,ZNF671
LRRC19,ATP6V1B1,LRRC19,PTCHD2
MOB3B,44166,MOB3B,KCNB1
IFNK,MAT2A,IFNK,KCNN2
SNORA31,ABCC1,SNORA31,PPP1R16B
EQTN,GAS2L1,EQTN,C5orf49
LINC00032,ZFYVE21,LINC00032,ZNF695
RNA5SP280,KIAA1211,RNA5SP280,FAM159B
TEK,BAHCC1,TEK,INS-IGF2
snoU13,FLOT1,snoU13,C4orf39
C9orf72,AQP8,C9orf72,UNC80
LINGO2,CCDC88B,LINGO2,REM1
MIR876,ABR,MIR876,MAPT
MIR873,IRF7,MIR873,PRDM5
CSMD1,CLMN,CSMD1,DBX2
ZNF705D,PIGQ,ZNF705D,FSD1
USP17L2,REM2,USP17L2,CTNND2
RNA5SP254,PRSS3,RNA5SP254,GPR133
RNA5SP253,MUC4,RNA5SP253,D4S234E
FDFT1,CLDN18,FDFT1,ITGA11
FAM86B2,LEPREL1,FAM86B2,BARHL1
FAM86B1,TPO,FAM86B1,COL5A1
FAM66D,LMF1,FAM66D,GATA5
FAM66A,LOC723809,FAM66A,KCNK12
DEFB136,SPIRE2,DEFB136,CRMP1
DEFB135,GNPDA1,DEFB135,AVP
DEFB134,TPPP,DEFB134,RORB
DEFB130,RAB40B,DEFB130,AEBP1
DEFB130,LEPREL1,DEFB130,INSM2
CTSB,MAPK8IP3,CTSB,RPTOR
RNA5SP251,SFMBT2,RNA5SP251,SLFN11
BLK,ITIH4,BLK,GAS1
LINC00208,ANKRD11,LINC00208,GPR88
NEIL2,ZDHHC7,NEIL2,INS-IGF2
C8orf49,SMAD6,C8orf49,HMX3
GATA4,C11orf9,GATA4,GATA5
RNA5SP252,EHD1,RNA5SP252,KIF5C
C8orf74,FERMT3,C8orf74,LPPR5
RP1L1,PC,RP1L1,NXPH3
MIR598,C10orf41,MIR598,ADD2
SNORD112,PSMD6,SNORD112,LOC157627
PINX1,CTNND1,PINX1,TOX2
SOX7,HN1,SOX7,TSPAN2
FAM167A,P2RX1,FAM167A,CSMD2
RN7SL293P,PLCG2,RN7SL293P,LRRFIP1
C8orf12,BAIAP2,C8orf12,TSPAN2
TDH,IRF2BP1,TDH,KCNB2
SLC35G5,KLHDC7A,SLC35G5,MOS
MTMR9,C3orf21,MTMR9,IGFBP3
LINC00529,INPP5A,LINC00529,CD38
XKR6,TRAPPC9,XKR6,EBF1
ADORA2B,AFAP1,ADORA2B,EFCAB4B
RNA5SP436,ACSF3,RNA5SP436,FRY
ZSWIM7,CUX1,ZSWIM7,GPC5
TTC19,ABR,TTC19,DNAH11
NCOR1,KIAA1614,NCOR1,CDK5R2
RN7SL442P,FOXK1,RN7SL442P,TTBK1
PIGL,TBCD,PIGL,PCDH21
MIR1288,PM20D1,MIR1288,ZDHHC14
CENPV,BAMBI,CENPV,PTPRS
UBB,SDK1,UBB,GALNS
TRPV2,CLTCL1,TRPV2,TRAPPC9
FAM211A,SORBS2,FAM211A,FBLN1
ZNF287,HAVCR1,ZNF287,TFPI2
MYO15A,IQCE,MYO15A,ACAN
DRG2,EPB41L3,DRG2,CAMK2B
snoU13,C11orf9,snoU13,DNM3
RASD1,FOXK1,RASD1,EMX2OS
MED9,BANP,MED9,CUX2
PEMT,DNAJB6,PEMT,HOXB13
CDRT1,TCF7L2,CDRT1,JAKMIP1
CDRT15,TBC1D16,CDRT15,FLJ45983
CDRT4,HCG9,CDRT4,ABCB1
CDRT7,EDEM3,CDRT7,GFRA1
CDRT8,GPR123,CDRT8,IRF7
HS3ST3B1,TBC1D17,HS3ST3B1,B4GALNT2
MIR4731,KIAA0802,MIR4731,S1PR1
PMP22,ADAMTS17,PMP22,LASS4
RN7SL792P,TRIM26,RN7SL792P,KCNB2
SNORA74,DOT1L,SNORA74,ABCB1
TEKT3,TNK2,TEKT3,KCNB2
TRIM16,MIR211,TRIM16,SYT9
TVP23C,RAB40C,TVP23C,GFRA1
snoU13,NADK,snoU13,HMX3
TBC1D26,DDX43,TBC1D26,RCSD1
ZNF286A,C7orf50,ZNF286A,IGFBP7
PDSS2,MTA1,PDSS2,RSPO3
DNAH9,RNF144A,DNAH9,HMX3
MIR744,ZDHHC7,MIR744,CADM1
ZNF18,MAEA,ZNF18,OPRD1
RPL21P122,KLF16,RPL21P122,SLCO4C1
MAP2K4,RGMB,MAP2K4,RCN3
FBXW10,GOLGA3,FBXW10,RPRML
TRIM16L,SLC23A2,TRIM16L,GATA5
TVP23B,S100A14,TVP23B,SCARF2
RN7SL627P,ZFPM1,RN7SL627P,SYN3
SLC5A10,UNC93B1,SLC5A10,ZNF549
PRPSAP2,ZFPM1,PRPSAP2,BMP3
EPN2,MYC,EPN2,SNCA
GRAPL,SLC22A11,GRAPL,EPO
FAM83G,AACS,FAM83G,INHBB
GRAP,HYDIN,GRAP,APC
SNORD3A,TMEM129,SNORD3A,ZSCAN18
SNORD3C,C3orf21,SNORD3C,RCN3
SNORD3D,TBCD,SNORD3D,TBR1
EVPLL,CSNK1G2,EVPLL,PRDM8
SHMT1,KIF26B,SHMT1,B4GALNT2
SMCR8,HYLS1,SMCR8,MYEF2
TOP3A,ITCH,TOP3A,CCND2
SMCR7,SSU72,SMCR7,ISM1
FLII,CES2,FLII,RFTN1
LLGL1,TOLLIP,LLGL1,HOXC4
ALKBH5,BAZ1A,ALKBH5,MIR34B
ZNF286B,DCPS,ZNF286B,NID2
USP32P2,CES3,USP32P2,LOC641746
TBC1D28,ABAT,TBC1D28,ZNF695
RN7SL639P,ACOT7,RN7SL639P,CMTM3
LGALS9C,GPT,LGALS9C,ZNF804B
KRT17P2,MACROD1,KRT17P2,TCF4
KRT16P1,INPP5A,KRT16P1,GFRA3
FAM106A,ZFPM1,FAM106A,FOXI3
CCDC144B,ADAMTS2,CCDC144B,RFTN1
UPF3AP2,SCG5,UPF3AP2,FADS2
KCNJ12,MAEA,KCNJ12,SYNE1
MAP2K3,INPP5A,MAP2K3,PROX1
C17orf103,HYDIN,C17orf103,KCNMA1
RN7SL426P,C9orf3,RN7SL426P,ZFP28
TMEM11,KLF12,TMEM11,NPR3
MIR1180,ZFPM1,MIR1180,CNRIP1
B9D1,LNX2,B9D1,EOMES
SLC47A1,GAK,SLC47A1,CD81
SLC47A2,VPS4A,SLC47A2,ZNF677
SNORA31,PKD1,SNORA31,FOXI3
ALDH3A2,C21orf56,ALDH3A2,LHX1
U6,CDC42BPA,U6,TSLP
RN7SL17P,CLDN18,RN7SL17P,ZNF582
CCDC144CP,USP36,CCDC144CP,FADS2
SPECC1,MYBPC3,SPECC1,COL23A1
AKAP10,CYTSA,AKAP10,MMP17
ULK2,ACSF3,ULK2,CNIH3
ALDH3A1,CLDN18,ALDH3A1,PYY
SNORA59B,SLC12A7,SNORA59B,PYGO1
RNF112,JRK,RNF112,GUCY1A2
MFAP4,CLDN18,MFAP4,PAX6
MAPK7,LRP5,MAPK7,ZFP28
C1orf114,MTA1,PROM2,SLC5A7
HOXD13,TBC1D17,C15orf41,RASSF10
BMP7,CD9,PNLIPRP2,BMP3
DNAJC6,IL1RN,PTPN14,SLITRK5
HMX3,C11orf9,TRIP13,DLGAP3
ZNF141,LOC148696,ZNF423,LYNX1
SLC35F3,ODZ4,FSD1,CMTM3
C10orf41,HAVCR1,APBA2,BMP3
GSG1L,C21orf70,CCDC154,HLA-L
CRMP1,CLDN18,ARRDC2,HS3ST4
WNT3A,C3orf26,OBSCN,KCNQ3
B4GALNT2,RTN4RL1,PTPRN2,DDIT4L
NINJ2,NEU1,MYOM2,TTBK1
B4GALNT2,ABR,PTDSS2,DNM3
SYCE1L,C21orf58,ST3GAL1,NKX3-2
TSPAN2,ERI3,WDR36,
DYDC2,MIR1276,PARP9,
TMEM121,GPT,BTBD7,
ZNF665,FOXK1,IRS1,
IGFBP7,DAZAP1,ST3GAL1,
CYP24A1,BAHCC1,SCNN1A,
SNCA,UGGT1,JAKMIP3,
GPR98,MAST4,PRKAG2,
OBSL1,TSNARE1,PRKCZ,
NTNG1,KIF26B,CAPS,
REM1,FOXK1,MYCBPAP,
ADM2,PM20D1,IRS1,
RTN2,P4HB,MYOM2,
ACCN1,CDH17,GORASP2,
FAM38B,PTPRN2,ABTB1,
ZNF470,TCP11,CACNA1H,
SYT1,NOSIP,BRSK2,
CUX2,CSNK1G2,SIK1,
C8orf42,BTBD2,MFHAS1,
GLB1L3,SYT11,MYO18B,
GDF1,GSDMB,SEPHS2,
IGFBP7,OPA3,KCNQ2,
GSG1L,OLFM4,LIPH,
EFCAB4B,HLA-DPA1,SHANK2,
HMX3,CLDN18,VPS28,
STMN3,CLDN18,ELF5,
COL4A1,CABC1,TSPYL5,
LOC149134,SPATS2L,TRIP13,
PCDH21,SOX15,BANP,
NFYA,HEXDC,CHST10,
FAM38B,C6orf222,APBA2,
COL18A1,NXN,TBC1D5,
CCND2,LDLRAD2,B4GALT7,
HMX3,NUAK2,VASH1,
GRASP,FBXO44,DSCAML1,
GDF10,COL17A1,DPPA2,
ZNF71,PCSK9,SIK1,
FAM189A1,FRMD4A,STAU2,
TEPP,ARHGEF10,C1QTNF8,
NID2,FBP1,SLC22A18AS,
RUNDC3B,LLGL2,PLEC1,
RALYL,EHMT2,CCDC40,
LHX1,LHPP,RBCK1,
CTNND2,HLA-DPA1,PTPRN2,
TFAP2C,NELF,KIF6,
DST,LRP5,ITGAX,
CBFA2T3,SLC6A6,PTPRN2,
PTGDR,FREQ,TBC1D16,
ACTA1,SPTBN2,PTPRN2,
SYN3,LTBP3,INO80E,
LHX1,VAV2,B4GALT7,
GLB1L3,GFPT2,CMIP,
RET,HS3ST1,LOC440356,
FLRT2,SLC12A7,SBF1,
T,PFKP,GPC1,
EDNRB,CEL,HGFAC,
GSG1L,SET,PYGB,
ZNF385B,ABR,PTPRN2,
GNAO1,PM20D1,SLC6A18,
SFTA3,TBC1D16,TBC1D15,
FBN2,ST6GALNAC6,GAMT,
SLIT3,ERI3,GNAO1,
NTNG1,RGPD8,ARRDC2,
CTNND2,GTF3C5,ST14,
CPLX2,LDHC,DOC2A,
SLC43A3,SNX30,FHL2,
HAND2,BRMS1,SIK1,
MARK1,INPP5A,ARHGEF18,
NOVA1,FBP1,RPS6KA2,
NXPH3,TMCO3,BTBD7,
EDIL3,PARD3,PON3,
PLXNA4,TPPP,TSSC1,
KCNQ2,C9orf3,FAM92B,
ZNF671,PC,MYT1L,
CPAMD8,ACADS,C11orf63,
SGCE,RASA3,CCDC102A,
ELOVL4,SIRT7,SOX5,
STK32B,UBAP2L,PMEPA1,
ADAMTS3,PM20D1,MFHAS1,
OPRD1,PWWP2B,PLEC1,
GATA5,ZBTB7A,IRS1,
GLRB,IGSF9B,GIPC3,
HERC5,LPIN2,AGAP1,
ST8SIA2,CACNA1C,LOC440839,
DOCK2,PFKP,WISP1,
FOXI3,LOC148696,C14orf180,
KIF17,DST,MSI2,
GJC1,ANO7,RADIL,
SOX5,NEU1,PDLIM4,
HOXB13,KIAA1530,PIK3CD,
NGF,HLA-DRB1,CAMK2B,
SH3GL3,PROZ,HOOK2,
ZNF470,NOSIP,MCF2L,
ZNF880,SLC12A7,BMPER,
PIK3R5,NFATC1,TRIM29,
ZNF788,TPM4,LRRIQ4,
ISM1,PIWIL1,POLE4,
NTNG1,SLC45A3,C13orf16,
SYCE1L,PALLD,PEX7,
CD81,PCDHA7,KALRN,
MSC,SSBP3,ST14,
TBX21,GNB3,C1orf110,
C1orf61,ZFPM1,PON1,
MACROD1,DENND3,TMEM168,
LHX1,MMP1,CMIP,
SPEG,AKR7A2,PLCD3,
RGS20,ERI3,STK31,
TMEM63C,TPD52,DNAJC15,
LHX1,ITPK1,TPSG1,
MFAP3L,POLR1D,MAPK8IP3,
GSG1L,UBD,TRIO,
MPPED2,PRDM16,FUCA1,
HOXC9,ANPEP,CYTH4,
JAKMIP1,CCDC57,CPZ,
CEBPE,SEC31A,PHF20L1,
RPTOR,VPS37B,C16orf62,
MYH10,CDH23,ARC,
GLRB,CACNA1C,OBSCN,
TSHZ3,SLC2A2,ADARB2,
FOXE1,SKI,BRSK2,
SLCO4C1,PKP3,BFAR,
GAD1,PM20D1,KIAA1908,
EPHA6,FAM46C,WDR1,
CUGBP2,CUBN,MFI2,
ZNF141,TNFSF12,PYCR2,
GJA3,9-Sep,NANOS3,
OBSL1,TBC1D16,PTPRN2,
IGFBP7,DUSP27,IL20RB,
SH3GL3,WDR8,PTP4A3,
ZNF671,AP2A2,DOCK1,
PTCHD2,PRKAG2,HOOK2,
KCNB1,SCOC,WSCD1,
KCNN2,ADAP1,SIK1,
PPP1R16B,NFKBIZ,ZNF251,
C5orf49,CYTH3,TTC15,
ZNF695,CANT1,SLC4A10,
FAM159B,INPP5A,MYADM,
INS-IGF2,TSPAN4,TIAM2,
C4orf39,INPP5A,PTPRN2,
UNC80,TNFRSF21,GALNT9,
REM1,LRRC56,ANKRD11,
MAPT,SORBS2,EPHA2,
PRDM5,MASP1,ELAVL3,
DBX2,BDH1,SEMA6B,
FSD1,DENND3,KCTD5,
CTNND2,FBLN2,LRTM2,
GPR133,C10orf81,BRCA1,
D4S234E,CCDC57,METRNL,
ITGA11,CTNND1,BAIAP2L1,
BARHL1,FAT1,EPHX4,
COL5A1,WDR27,PRSS21,
GATA5,RER1,ZFAT,
KCNK12,TCIRG1,OR10G2,
CRMP1,MIR1276,PDLIM7,
AVP,OPA3,LDHD,
RORB,PFKP,BTBD12,
AEBP1,TBC1D16,CCDC90B,
INSM2,CUX1,KIAA0182,
RPTOR,SYNPO,MPST,
SLFN11,ARHGEF10,CAPZB,
GAS1,ZCCHC24,LMF1,
GPR88,WDR8,CCDC154,
INS-IGF2,MAP3K13,PTDSS2,
HMX3,ZNF702P,MYEOV2,
GATA5,CLDN23,SIGLEC10,
KIF5C,AIRE,DOC2A,
LPPR5,ZFP41,RAB11FIP3,
NXPH3,TIAM1,PLEC1,
ADD2,KIAA0802,GNMT,
LOC157627,HEG1,FANCA,
TOX2,PMS2,GRIN3B,
TSPAN2,MMEL1,MUC6,
CSMD2,PUS1,KIAA0556,
LRRFIP1,TBC1D16,EGFL8,
TSPAN2,LRP5L,ELAVL3,
KCNB2,HCN2,ASPHD1,
MOS,CCDC42B,GNG7,
IGFBP3,ADAM8,LRRN2,
CD38,ITPK1,PRKCZ,
EBF1,SH3BP4,OBSCN,
EFCAB4B,ANO8,FUCA1,
FRY,PROZ,GRM6,
GPC5,TNK2,SYT7,
DNAH11,CCDC88B,CBFA2T3,
CDK5R2,SERPINF2,B4GALT7,
TTBK1,CCDC42B,SUGT1L1,
PCDH21,AP2A2,MIB2,
ZDHHC14,ZFP41,PDCD1,
PTPRS,PRDM16,ASPHD1,
GALNS,LLGL2,MUC4,
TRAPPC9,MUC5B,MYADM,
FBLN1,SCOC,FAM20B,
TFPI2,CAMTA1,HCCA2,
ACAN,UNC93B1,CHID1,
CAMK2B,BDH1,SMOC2,
DNM3,WDR69,UNC5A,
EMX2OS,TM4SF20,NIPA2,
CUX2,SLC6A6,AGPAT4,
HOXB13,C7orf50,CPNE7,
JAKMIP1,KSR1,FAM38A,
FLJ45983,RNF144A,KNDC1,
ABCB1,NLRP2,MGMT,
GFRA1,DDC,EEPD1,
IRF7,EHMT1,TAS1R3,
B4GALNT2,SSU72,TYRO3,
S1PR1,C9orf86,MYT1L,
LASS4,PBX1,CPNE7,
KCNB2,ANP32E,INPP5A,
ABCB1,NOSIP,SMG5,
KCNB2,TRAPPC9,PTPRN2,
SYT9,LOC100130872,RADIL,
GFRA1,CEACAM5,FLNC,
HMX3,SDCCAG8,PLEC1,
RCSD1,AP2A2,PREX1,
IGFBP7,TNFRSF21,SPG7,
RSPO3,TNK2,LOC650623,
HMX3,DNAJC17,AGAP1,
CADM1,NEDD4L,HN1L,
OPRD1,PSMD5,PDCD1,
SLCO4C1,LMTK2,PACRG,
RCN3,PLXNA1,GABRP,
RPRML,MYOM2,HCCA2,
GATA5,C8orf76,ELF5,
SCARF2,BTBD2,PTPRN2,
SYN3,ABR,ST14,
ZNF549,SCOC,CDX1,
BMP3,LOC100130872,DLGAP2,
SNCA,OR1M1,BLCAP,
EPO,CEBPG,SRRM3,
INHBB,BAX,AGPAT4,
APC,MIR1276,ELF5,
ZSCAN18,MMP17,MUC2,
RCN3,EP400,TRIP13,
TBR1,TNS3,LRPPRC,
PRDM8,CRTC1,DSCAML1,
B4GALNT2,GNPDA1,CNNM4,
MYEF2,LOC148696,KNDC1,
CCND2,HMGCS2,NEU4,
ISM1,TNK2,CD1D,
RFTN1,MOBKL2C,HOOK2,
HOXC4,GALNT2,EML3,
MIR34B,FAM177B,STK31,
NID2,BHLHA15,PAX8,
LOC641746,ST7,C21orf56,
ZNF695,C14orf153,MYOF,
CMTM3,CLTB,NOS1,
ZNF804B,ASPSCR1,PLEC1,
TCF4,CLDN18,PTPRN2,
GFRA3,KIAA1530,ALPL,
FOXI3,TMCO3,OTUD3,
RFTN1,SMAD6,LMX1A,
FADS2,ADCY4,TRIM29,
SYNE1,GPR137B,ARRDC2,
PROX1,FAM118B,MPST,
KCNMA1,GFPT2,RAB12,
ZFP28,KLHDC7A,CHRM4,
NPR3,TRAF3,TIPIN,
CNRIP1,PCDHAC2,WISP3,
EOMES,CYP4V2,RTEL1,
CD81,GANAB,MYOM2,
ZNF677,TRAF3,VSNL1,
FOXI3,CPEB3,TBC1D16,
LHX1,C2orf69,PAX8,
TSLP,TBC1D16,CNNM4,
ZNF582,PTPRF,ARRDC2,
FADS2,HEATR2,ZFAT,
COL23A1,SCFD2,SNTG2,
MMP17,CANT1,GRB2,
CNIH3,ARHGAP10,TRIM29,
PYY,INTS1,MYADML2,
PYGO1,C7orf20,C21orf56,
GUCY1A2,CPA2,PNPLA7,
PAX6,C11orf93,PRDM16,
ZFP28,CUX2,TRIM29,
SLC5A7,CCDC155,DENND2A,
RASSF10,RIT1,PNPLA7,
BMP3,PCDH9,LMF1,
SLITRK5,GNA11,FHL2,
DLGAP3,ARHGEF16,LRRIQ4,
LYNX1,ADORA1,NIPSNAP1,
CMTM3,SIPA1L3,ZNF169,
BMP3,PM20D1,ATP4B,
HLA-L,DQX1,TRAPPC9,
HS3ST4,LMTK2,LCN10,
KCNQ3,ADAP1,PROM2,
DDIT4L,JRK,NANOS3,
TTBK1,LGR4,BRSK2,
DNM3,AP2A2,IRS1,
NKX3-2,LRP5,DBH,
CRAMP1L,MEF2C,ELOVL5,
RPS15,C7orf20,PNPLA7,
SYNGAP1,TBC1D16,KIAA1984,
SLC22A23,FOS,SHB,
RPL22L1,CANT1,KIF24,
DIP2C,TTC38,MORF4L1,
PRDM16,UNC84A,TRIP13,
OR8D1,SLC25A22,GPR39,
A2LD1,CLU,DUSP14,
CCND1,ZMIZ1,ANGEL2,
MIR23B,FIS1,MYBPC3,
CLDN18,NEU1,SEC23B,
GATA4,DGKQ,ZC3H3,
ZHX2,UBE2L6,UQCC,
MAPK8IP3,RPTOR,CACNA1G,
LRP5,PER3,C21orf56,
ASRGL1,ADCY4,VPS26A,
MRPS5,ZFYVE21,MAEA,
TSC2,GLT25D2,ZNF239,
ADAP1,STK31,NFIX,
TMEM175,SIPA1L3,AGAP1,
IGFALS,CTBP1,DIP2C,
CLIC1,KDM6B,TCERG1L,
ABCB6,MRI1,SLC16A5,
ITGB7,FASTK,BRUNOL6,
C14orf153,SH3BP4,GRM3,
KCTD1,YTHDC2,C1orf198,
CANT1,SLC25A22,SETDB1,
SLC7A1,KIF26B,C13orf16,
KIAA1199,HSPA1L,CCDC40,
ADAP1,KIAA0317,SKIL,
RERE,CDH23,LCLAT1,
TBC1D16,CKB,LRP5,
INPP5A,PM20D1,MIIP,
MAPK8IP3,NPC1L1,RYR1,
TLN2,IGSF9B,PLCH2,
TNK2,ZIC5,SORCS2,
KCNJ6,KIAA0430,IGF2R,
BCAR1,VARS,ST14,
PLCG2,CNPY4,VGLL4,
LRP5,AQP8,SAE1,
DQX1,TCF25,ACY1,
TST,TTYH3,SYT8,
BIN1,UNC84A,KIDINS220,
LEFTY1,MTA1,FOXK2,
C14orf28,ZBTB7A,MARS,
RNGTT,ZBTB7A,POU6F2,
RAB40C,ZFPM1,CACNA1H,
CDH17,BANF2,NID1,
SLC6A9,EFCAB2,SEMA6B,
PLCB3,ARHGEF10,CACNA1H,
TPCN1,MYO1C,OBSCN,
ACSF3,C19orf26,DUSP15,
PRDM16,CMIP,ITPRIPL2,
SDK1,LLGL2,PCGF3,
ZBTB38,PIK3R2,BAHCC1,
CYP4V2,PROM2,FUCA1,
ARL6IP1,C15orf41,C3orf39,
DQX1,PNLIPRP2,CADM1,
MYLK4,PTPN14,DIP2C,
ZFPM1,TRIP13,C20orf108,
MAEA,ZNF423,TUG1,
PDGFA,FSD1,JAKMIP3,
FAM3D,APBA2,DNAH10,
LHPP,CCDC154,SLC29A4,
NTSR1,ARRDC2,EEPD1,
TBC1D16,OBSCN,RADIL,
MIR24-1,PTPRN2,CHRNA2,
NEIL1,MYOM2,SYT8,
LOC723809,PTDSS2,EEF1A2,
GNA12,ST3GAL1,NMUR2,
WNK2,WDR36,RASA3,
C1orf127,PARP9,KCNQ1,
CPN1,BTBD7,TTBK1,
DYNC2H1,IRS1,NOTCH3,
PFKP,ST3GAL1,CDH4,
IFT140,SCNN1A,TRIO,
FBXL8,JAKMIP3,CTTN,
LRP5,PRKAG2,MYOM2,
CASZ1,PRKCZ,WISP1,
CCND1,CAPS,ZNF532,
GYG1,MYCBPAP,EBF3,
PLEKHM3,IRS1,MIR100,
RPS15AP10,MYOM2,SLC43A2,
GFPT2,GORASP2,STK40,
PROZ,ABTB1,CCDC40,
ZCCHC24,CACNA1H,TRIM29,
MAEA,BRSK2,ELFN1,
ZNF148,SIK1,GPR39,
LRP2BP,MFHAS1,FAM46B,
LMTK2,MYO18B,CLSTN2,
DCAF4,SEPHS2,SMOC2,
C17orf73,KCNQ2,CDX1,
GRK5,LIPH,AMIGO2,
IFT140,SHANK2,OXR1,
FAM135A,VPS28,DENND2A,
ZCCHC14,ELF5,MGMT,
SLC3A1,TSPYL5,SDK1,
RPH3AL,TRIP13,MCF2L,
STK24,BANP,TNRC6C,
TMEM11,CHST10,RAB12,
UNC93B1,APBA2,PRKAR1B,
C19orf26,TBC1D5,ZNHIT6,
C11orf54,B4GALT7,LOC100190939,
MYH15,VASH1,GAA,
PALM,DSCAML1,TRAPPC9,
WWP2,DPPA2,ACOX3,
TCF7L2,SIK1,C19orf26,
SSU72,STAU2,SNED1,
PARD3,C1QTNF8,PAX8,
SLC9A4,SLC22A18AS,ARPC2,
IGSF11,PLEC1,STOX2,
FHL2,CCDC40,WDR35,
DAK,RBCK1,SLC35A3,
ANKS3,PTPRN2,ATP2A2,
GATA4,KIF6,ASAP2,
TBC1D14,ITGAX,ARID3A,
PPP4R2,PTPRN2,DTX1,
LOC285768,TBC1D16,ANGEL2,
UNKL,PTPRN2,CNNM4,
C1orf21,INO80E,ABHD11,
RAB40C,B4GALT7,SDK1,
IPP,CMIP,MCM5,
GFPT2,LOC440356,SHANK2,
GAK,SBF1,MYOM2,
MYADML,GPC1,SDK1,
RAB40C,HGFAC,ZBTB46,
TUFT1,PYGB,FAM83C,
SGTA,PTPRN2,C17orf55,
KIF16B,SLC6A18,CUX2,
RPS6KA2,TBC1D15,MGMT,
WDR8,GAMT,COL4A2,
PYGB,GNAO1,MUC6,
CA5A,ARRDC2,TRIM29,
NOSIP,ST14,SLMO2,
MAGI1,DOC2A,SMAD7,
CSNK1G2,FHL2,ELF5,
RBM25,SIK1,LMLN,
FAM53B,ARHGEF18,EPS15L1,
SEPX1,RPS6KA2,CAMK2B,
ERI3,BTBD7,IMMP2L,
BSN,PON3,FAT1,
MUC6,TSSC1,PAX8,
ZDHHC7,FAM92B,PAX8,
MOSC1,MYT1L,THAP4,
ATP6V1B1,C11orf63,GABRP,
44166,CCDC102A,KLHL21,
MAT2A,SOX5,FOXK2,
ABCC1,PMEPA1,AGAP1,
GAS2L1,MFHAS1,SYT8,
ZFYVE21,PLEC1,PTPRO,
KIAA1211,IRS1,POU6F2,
BAHCC1,GIPC3,WSCD2,
FLOT1,AGAP1,BRSK1,
AQP8,LOC440839,SYNGR1,
CCDC88B,WISP1,MYOM2,
ABR,C14orf180,SDK1,
IRF7,MSI2,MYBPC3,
CLMN,RADIL,GPR162,
PIGQ,PDLIM4,STAU2,
REM2,PIK3CD,ABCA13,
PRSS3,CAMK2B,INPP5A,
MUC4,HOOK2,RYR1,
CLDN18,MCF2L,SBF1,
LEPREL1,BMPER,ELF5,
TPO,TRIM29,WBP2NL,
LMF1,LRRIQ4,LRRIQ4,
LOC723809,POLE4,WSCD1,
SPIRE2,C13orf16,PKLR,
GNPDA1,PEX7,CCDC40,
TPPP,KALRN,KIDINS220,
RAB40B,ST14,SLC22A5,
LEPREL1,C1orf110,C14orf70,
MAPK8IP3,PON1,PDE9A,
SFMBT2,TMEM168,AMIGO2,
ITIH4,CMIP,CNTD2,
ANKRD11,PLCD3,FAM20B,
ZDHHC7,STK31,CHST15,
SMAD6,DNAJC15,HOOK2,
C11orf9,TPSG1,METTL5,
EHD1,MAPK8IP3,ARRDC2,
FERMT3,TRIO,ZNF572,
PC,FUCA1,TAP1,
C10orf41,CYTH4,KCNAB2,
PSMD6,CPZ,BRD9,
CTNND1,PHF20L1,MMP17,
HN1,C16orf62,CARD11,
P2RX1,ARC,ANGEL2,
PLCG2,OBSCN,ARC,
BAIAP2,ADARB2,RADIL,
IRF2BP1,BRSK2,RASA3,
KLHDC7A,BFAR,B4GALNT4,
C3orf21,KIAA1908,SORCS2,
INPP5A,WDR1,ABTB1,
TRAPPC9,MFI2,FANCA,
AFAP1,PYCR2,STOX2,
ACSF3,NANOS3,HCCA2,
CUX1,PTPRN2,TERT,
ABR,IL20RB,RIMBP2,
KIAA1614,PTP4A3,NOTUM,
FOXK1,DOCK1,GABRD,
TBCD,HOOK2,SHISA6,
PM20D1,WSCD1,ERICH1,
BAMBI,SIK1,C4orf44,
SDK1,ZNF251,BRCA1,
CLTCL1,TTC15,IRS2,
SORBS2,SLC4A10,COL4A2,
HAVCR1,MYADM,PRKAR1B,
IQCE,TIAM2,PTPRN2,
EPB41L3,PTPRN2,ZNF71,
C11orf9,GALNT9,CCDC40,
FOXK1,ANKRD11,CPLX1,
BANP,EPHA2,SEMA6B,
DNAJB6,ELAVL3,PCGF3,
TCF7L2,SEMA6B,PCGF3,
TBC1D16,KCTD5,SNORD115-9,
HCG9,LRTM2,BRSK2,
EDEM3,BRCA1,PARP9,
GPR123,METRNL,AZI1,
TBC1D17,BAIAP2L1,JARID2,
KIAA0802,EPHX4,OBSCN,
ADAMTS17,PRSS21,ADARB2,
TRIM26,ZFAT,PEG3,
DOT1L,OR10G2,EEPD1,
TNK2,PDLIM7,ERGIC1,
MIR211,LDHD,HDAC4,
RAB40C,BTBD12,SDK1,
NADK,CCDC90B,STK32C,
DDX43,KIAA0182,ZNF787,
C7orf50,MPST,DIP2C,
MTA1,CAPZB,ACAN,
RNF144A,LMF1,PTDSS2,
ZDHHC7,CCDC154,KCNQ1,
MAEA,PTDSS2,TIAM2,
KLF16,MYEOV2,FBRSL1,
RGMB,SIGLEC10,NRXN1,
GOLGA3,DOC2A,FGFRL1,
SLC23A2,RAB11FIP3,GAMT,
S100A14,PLEC1,C19orf35,
ZFPM1,GNMT,LRP1,
UNC93B1,FANCA,HN1L,
ZFPM1,GRIN3B,RPP25,
MYC,MUC6,SFMBT1,
SLC22A11,KIAA0556,SYT8,
AACS,EGFL8,MYADML2,
HYDIN,ELAVL3,,
TMEM129,ASPHD1,,
C3orf21,GNG7,,
TBCD,LRRN2,,
CSNK1G2,PRKCZ,,
KIF26B,OBSCN,,
HYLS1,FUCA1,,
ITCH,GRM6,,
SSU72,SYT7,,
CES2,CBFA2T3,,
TOLLIP,B4GALT7,,
BAZ1A,SUGT1L1,,
DCPS,MIB2,,
CES3,PDCD1,,
ABAT,ASPHD1,,
ACOT7,MUC4,,
GPT,MYADM,,
MACROD1,FAM20B,,
INPP5A,HCCA2,,
ZFPM1,CHID1,,
ADAMTS2,SMOC2,,
SCG5,UNC5A,,
MAEA,NIPA2,,
INPP5A,AGPAT4,,
HYDIN,CPNE7,,
C9orf3,FAM38A,,
KLF12,KNDC1,,
ZFPM1,MGMT,,
LNX2,EEPD1,,
GAK,TAS1R3,,
VPS4A,TYRO3,,
PKD1,MYT1L,,
C21orf56,CPNE7,,
CDC42BPA,INPP5A,,
CLDN18,SMG5,,
USP36,PTPRN2,,
MYBPC3,RADIL,,
CYTSA,FLNC,,
ACSF3,PLEC1,,
CLDN18,PREX1,,
SLC12A7,SPG7,,
JRK,LOC650623,,
CLDN18,AGAP1,,
LRP5,HN1L,,
MTA1,PDCD1,,
TBC1D17,PACRG,,
CD9,GABRP,,
IL1RN,HCCA2,,
C11orf9,ELF5,,
LOC148696,PTPRN2,,
ODZ4,ST14,,
HAVCR1,CDX1,,
C21orf70,DLGAP2,,
CLDN18,BLCAP,,
C3orf26,SRRM3,,
RTN4RL1,AGPAT4,,
NEU1,ELF5,,
ABR,MUC2,,
C21orf58,TRIP13,,
ERI3,LRPPRC,,
MIR1276,DSCAML1,,
GPT,CNNM4,,
FOXK1,KNDC1,,
DAZAP1,NEU4,,
BAHCC1,CD1D,,
UGGT1,HOOK2,,
MAST4,EML3,,
TSNARE1,STK31,,
KIF26B,PAX8,,
FOXK1,C21orf56,,
PM20D1,MYOF,,
P4HB,NOS1,,
CDH17,PLEC1,,
PTPRN2,PTPRN2,,
TCP11,ALPL,,
NOSIP,OTUD3,,
CSNK1G2,LMX1A,,
BTBD2,TRIM29,,
SYT11,ARRDC2,,
GSDMB,MPST,,
OPA3,RAB12,,
OLFM4,CHRM4,,
HLA-DPA1,TIPIN,,
CLDN18,WISP3,,
CLDN18,RTEL1,,
CABC1,MYOM2,,
SPATS2L,VSNL1,,
SOX15,TBC1D16,,
HEXDC,PAX8,,
C6orf222,CNNM4,,
NXN,ARRDC2,,
LDLRAD2,ZFAT,,
NUAK2,SNTG2,,
FBXO44,GRB2,,
COL17A1,TRIM29,,
PCSK9,MYADML2,,
FRMD4A,C21orf56,,
ARHGEF10,PNPLA7,,
FBP1,PRDM16,,
LLGL2,TRIM29,,
EHMT2,DENND2A,,
LHPP,PNPLA7,,
HLA-DPA1,LMF1,,
NELF,FHL2,,
LRP5,LRRIQ4,,
SLC6A6,NIPSNAP1,,
FREQ,ZNF169,,
SPTBN2,ATP4B,,
LTBP3,TRAPPC9,,
VAV2,LCN10,,
GFPT2,PROM2,,
HS3ST1,NANOS3,,
SLC12A7,BRSK2,,
PFKP,IRS1,,
CEL,DBH,,
SET,ELOVL5,,
ABR,PNPLA7,,
PM20D1,KIAA1984,,
TBC1D16,SHB,,
ST6GALNAC6,KIF24,,
ERI3,MORF4L1,,
RGPD8,TRIP13,,
GTF3C5,GPR39,,
LDHC,DUSP14,,
SNX30,ANGEL2,,
BRMS1,MYBPC3,,
INPP5A,SEC23B,,
FBP1,ZC3H3,,
TMCO3,UQCC,,
PARD3,CACNA1G,,
TPPP,C21orf56,,
C9orf3,VPS26A,,
PC,MAEA,,
ACADS,ZNF239,,
RASA3,NFIX,,
SIRT7,AGAP1,,
UBAP2L,DIP2C,,
PM20D1,TCERG1L,,
PWWP2B,SLC16A5,,
ZBTB7A,BRUNOL6,,
IGSF9B,GRM3,,
LPIN2,C1orf198,,
CACNA1C,SETDB1,,
PFKP,C13orf16,,
LOC148696,CCDC40,,
DST,SKIL,,
ANO7,LCLAT1,,
NEU1,LRP5,,
KIAA1530,MIIP,,
HLA-DRB1,RYR1,,
PROZ,PLCH2,,
NOSIP,SORCS2,,
SLC12A7,IGF2R,,
NFATC1,ST14,,
TPM4,VGLL4,,
PIWIL1,SAE1,,
SLC45A3,ACY1,,
PALLD,SYT8,,
PCDHA7,KIDINS220,,
SSBP3,FOXK2,,
GNB3,MARS,,
ZFPM1,POU6F2,,
DENND3,CACNA1H,,
MMP1,NID1,,
AKR7A2,SEMA6B,,
ERI3,CACNA1H,,
TPD52,OBSCN,,
ITPK1,DUSP15,,
POLR1D,ITPRIPL2,,
UBD,PCGF3,,
PRDM16,BAHCC1,,
ANPEP,FUCA1,,
CCDC57,C3orf39,,
SEC31A,CADM1,,
VPS37B,DIP2C,,
CDH23,C20orf108,,
CACNA1C,TUG1,,
SLC2A2,JAKMIP3,,
SKI,DNAH10,,
PKP3,SLC29A4,,
PM20D1,EEPD1,,
FAM46C,RADIL,,
CUBN,CHRNA2,,
TNFSF12,SYT8,,
9-Sep,EEF1A2,,
TBC1D16,NMUR2,,
DUSP27,RASA3,,
WDR8,KCNQ1,,
AP2A2,TTBK1,,
PRKAG2,NOTCH3,,
SCOC,CDH4,,
ADAP1,TRIO,,
NFKBIZ,CTTN,,
CYTH3,MYOM2,,
CANT1,WISP1,,
INPP5A,ZNF532,,
TSPAN4,EBF3,,
INPP5A,MIR100,,
TNFRSF21,SLC43A2,,
LRRC56,STK40,,
SORBS2,CCDC40,,
MASP1,TRIM29,,
BDH1,ELFN1,,
DENND3,GPR39,,
FBLN2,FAM46B,,
C10orf81,CLSTN2,,
CCDC57,SMOC2,,
CTNND1,CDX1,,
FAT1,AMIGO2,,
WDR27,OXR1,,
RER1,DENND2A,,
TCIRG1,MGMT,,
MIR1276,SDK1,,
OPA3,MCF2L,,
PFKP,TNRC6C,,
TBC1D16,RAB12,,
CUX1,PRKAR1B,,
SYNPO,ZNHIT6,,
ARHGEF10,LOC100190939,,
ZCCHC24,GAA,,
WDR8,TRAPPC9,,
MAP3K13,ACOX3,,
ZNF702P,C19orf26,,
CLDN23,SNED1,,
AIRE,PAX8,,
ZFP41,ARPC2,,
TIAM1,STOX2,,
KIAA0802,WDR35,,
HEG1,SLC35A3,,
PMS2,ATP2A2,,
MMEL1,ASAP2,,
PUS1,ARID3A,,
TBC1D16,DTX1,,
LRP5L,ANGEL2,,
HCN2,CNNM4,,
CCDC42B,ABHD11,,
ADAM8,SDK1,,
ITPK1,MCM5,,
SH3BP4,SHANK2,,
ANO8,MYOM2,,
PROZ,SDK1,,
TNK2,ZBTB46,,
CCDC88B,FAM83C,,
SERPINF2,C17orf55,,
CCDC42B,CUX2,,
AP2A2,MGMT,,
ZFP41,COL4A2,,
PRDM16,MUC6,,
LLGL2,TRIM29,,
MUC5B,SLMO2,,
SCOC,SMAD7,,
CAMTA1,ELF5,,
UNC93B1,LMLN,,
BDH1,EPS15L1,,
WDR69,CAMK2B,,
TM4SF20,IMMP2L,,
SLC6A6,FAT1,,
C7orf50,PAX8,,
KSR1,PAX8,,
RNF144A,THAP4,,
NLRP2,GABRP,,
DDC,KLHL21,,
EHMT1,FOXK2,,
SSU72,AGAP1,,
C9orf86,SYT8,,
PBX1,PTPRO,,
ANP32E,POU6F2,,
NOSIP,WSCD2,,
TRAPPC9,BRSK1,,
LOC100130872,SYNGR1,,
CEACAM5,MYOM2,,
SDCCAG8,SDK1,,
AP2A2,MYBPC3,,
TNFRSF21,GPR162,,
TNK2,STAU2,,
DNAJC17,ABCA13,,
NEDD4L,INPP5A,,
PSMD5,RYR1,,
LMTK2,SBF1,,
PLXNA1,ELF5,,
MYOM2,WBP2NL,,
C8orf76,LRRIQ4,,
BTBD2,WSCD1,,
ABR,PKLR,,
SCOC,CCDC40,,
LOC100130872,KIDINS220,,
OR1M1,SLC22A5,,
CEBPG,C14orf70,,
BAX,PDE9A,,
MIR1276,AMIGO2,,
MMP17,CNTD2,,
EP400,FAM20B,,
TNS3,CHST15,,
CRTC1,HOOK2,,
GNPDA1,METTL5,,
LOC148696,ARRDC2,,
HMGCS2,ZNF572,,
TNK2,TAP1,,
MOBKL2C,KCNAB2,,
GALNT2,BRD9,,
FAM177B,MMP17,,
BHLHA15,CARD11,,
ST7,ANGEL2,,
C14orf153,ARC,,
CLTB,RADIL,,
ASPSCR1,RASA3,,
CLDN18,B4GALNT4,,
KIAA1530,SORCS2,,
TMCO3,ABTB1,,
SMAD6,FANCA,,
ADCY4,STOX2,,
GPR137B,HCCA2,,
FAM118B,TERT,,
GFPT2,RIMBP2,,
KLHDC7A,NOTUM,,
TRAF3,GABRD,,
PCDHAC2,SHISA6,,
CYP4V2,ERICH1,,
GANAB,C4orf44,,
TRAF3,BRCA1,,
CPEB3,IRS2,,
C2orf69,COL4A2,,
TBC1D16,PRKAR1B,,
PTPRF,PTPRN2,,
HEATR2,ZNF71,,
SCFD2,CCDC40,,
CANT1,CPLX1,,
ARHGAP10,SEMA6B,,
INTS1,PCGF3,,
C7orf20,PCGF3,,
CPA2,SNORD115-9,,
C11orf93,BRSK2,,
CUX2,PARP9,,
CCDC155,AZI1,,
RIT1,JARID2,,
PCDH9,OBSCN,,
GNA11,ADARB2,,
ARHGEF16,PEG3,,
ADORA1,EEPD1,,
SIPA1L3,ERGIC1,,
PM20D1,HDAC4,,
DQX1,SDK1,,
LMTK2,STK32C,,
ADAP1,ZNF787,,
JRK,DIP2C,,
LGR4,ACAN,,
AP2A2,PTDSS2,,
LRP5,KCNQ1,,
MEF2C,TIAM2,,
C7orf20,FBRSL1,,
TBC1D16,NRXN1,,
FOS,FGFRL1,,
CANT1,GAMT,,
TTC38,C19orf35,,
UNC84A,LRP1,,
SLC25A22,HN1L,,
CLU,RPP25,,
ZMIZ1,SFMBT1,,
FIS1,SYT8,,
NEU1,MYADML2,,
DGKQ,,,
UBE2L6,,,
RPTOR,,,
PER3,,,
ADCY4,,,
ZFYVE21,,,
GLT25D2,,,
STK31,,,
SIPA1L3,,,
CTBP1,,,
KDM6B,,,
MRI1,,,
FASTK,,,
SH3BP4,,,
YTHDC2,,,
SLC25A22,,,
KIF26B,,,
HSPA1L,,,
KIAA0317,,,
CDH23,,,
CKB,,,
PM20D1,,,
NPC1L1,,,
IGSF9B,,,
ZIC5,,,
KIAA0430,,,
VARS,,,
CNPY4,,,
AQP8,,,
TCF25,,,
TTYH3,,,
UNC84A,,,
MTA1,,,
ZBTB7A,,,
ZBTB7A,,,
ZFPM1,,,
BANF2,,,
EFCAB2,,,
ARHGEF10,,,
MYO1C,,,
C19orf26,,,
CMIP,,,
LLGL2,,,
PIK3R2,,,